site,x,y
ST000,74.72515115708444,89.15572336465947
ST001,63.58629635125541,54.18120205195236
ST002,28.286952892122052,26.746471706717788
ST003,64.64516173924696,24.59402883912264
ST004,30.975651537765103,93.66407388582152
ST005,92.44719560773257,74.50861520407402
ST006,76.04861903630416,11.288574335842693
ST007,19.91504502618684,47.453476608126586
ST008,56.313600349370205,61.80945772785408
ST009,68.37015099638505,15.46073085928903
