species,size,size_v
SP000,-0.9116997497883544,0.3919350588288313
SP001,-0.8627509115116854,0.03780242907615061
SP002,-0.10346768597293649,0.9500799499065254
SP003,-0.8977918274160037,0.7701791099126436
